Gender,Married,Dependents,Education,Self_Employed,ApplicantIncome,CoapplicantIncome,LoanAmount,Loan_Amount_Term,Credit_History,Loan_Status,Property_Area_Rural,Property_Area_Semiurban,Property_Area_Urban
1,0,0,0,0,0.7476716339933995,-1.1061470896301404,-0.026542762163008344,360.0,1.0,1,False,False,True
1,1,1,0,0,0.32127034766607154,0.7625796925830042,-0.026542762163008344,360.0,1.0,0,True,False,False
1,1,0,0,1,-0.5753566590954953,-1.1061470896301404,-1.3364922870117082,360.0,1.0,1,False,False,True
1,1,0,1,0,-0.9471746338945212,0.9091350710984659,-0.1566545996781148,360.0,1.0,1,False,False,True
1,0,0,0,0,0.7889193653108696,-1.1061470896301404,0.16948532721015044,360.0,1.0,1,False,False,True
1,1,2,0,1,0.619842771968729,1.1047199358252722,1.4945837729176483,360.0,1.0,1,False,False,True
1,1,0,1,0,-1.2187293256551819,0.7642885292392756,-0.623123434518166,360.0,1.0,1,False,False,True
1,1,3,0,0,-0.5470571928021801,0.9291699399704917,0.4017520820505373,360.0,0.0,0,False,True,False
1,1,2,0,0,0.059530010119335654,0.7664127916682215,0.5276778545094367,360.0,1.0,1,False,False,True
1,1,1,0,0,1.781746348317765,1.1655532173641163,2.0668817816745264,360.0,1.0,0,False,True,False
1,1,2,0,0,-0.42450423884225064,0.5211056213862527,-1.2223796708769639,360.0,1.0,1,False,False,True
1,1,2,0,0,-1.032598923109933,0.8272676431829628,-0.34948137890271225,360.0,1.0,1,False,False,True
1,1,2,0,0,-0.5185144631847336,1.1655532173641163,0.8881756657509371,360.0,1.0,1,False,False,True
1,0,0,0,0,-1.8204694548562965,0.9714260806616374,-0.2596776929963666,360.0,1.0,0,True,False,False
1,1,2,0,0,-1.8204694548562965,0.6577441929336648,-3.8504493712533137,120.0,1.0,1,False,False,True
1,0,0,0,0,0.46236190285250395,-1.1061470896301404,-0.07441909125103018,360.0,1.0,1,False,False,True
1,0,1,1,0,-0.16542495981639016,-1.1061470896301404,-0.5213057684386682,240.0,0.0,1,False,False,True
0,0,0,0,0,-0.2177763558901637,-1.1061470896301404,-1.062162813583955,360.0,0.0,0,False,False,True
1,1,0,1,0,0.4393268349843355,-1.1061470896301404,0.05096622243405754,360.0,1.0,0,True,False,False
1,1,0,0,0,-0.9302071567134836,1.0423478446236374,-0.24216009777289674,360.0,1.0,1,False,False,True
1,1,0,1,0,1.155365179555395,-1.1061470896301404,-0.4432245208163908,360.0,0.0,0,False,False,True
1,1,1,0,0,0.776798583289525,1.1655532173641163,1.8466867039466643,360.0,1.0,1,False,False,True
1,1,0,1,0,-0.9302071567134836,0.8396750091472093,-0.22478442082630948,360.0,0.0,0,False,True,False
1,1,2,1,0,-0.31075393947434127,0.8407037304234645,-0.29514837901166135,360.0,0.0,0,True,False,False
1,1,1,0,0,-0.0950029436291666,0.9813748506213877,0.3090874023896435,360.0,0.0,0,False,True,False
1,1,0,0,1,1.4466080396150993,-1.1061470896301404,0.7925793453661805,360.0,1.0,1,False,True,False
1,1,0,0,0,-0.7437306730862737,0.8939980968518014,-0.1233825892910118,360.0,1.0,1,False,True,False
1,1,2,1,0,0.16592070847223284,0.6440962766003469,-0.33121660493748994,360.0,1.0,1,False,False,True
1,0,0,1,0,-1.8204694548562965,-1.1061470896301404,-2.539505398495434,360.0,1.0,0,False,False,True
0,0,2,0,0,-0.07641725187493834,0.8680363222224671,-0.1566545996781148,360.0,1.0,1,False,True,False
1,1,1,0,0,0.13777987792923466,1.0293259203513199,0.898547854680316,360.0,0.0,0,False,False,True
1,0,0,0,0,-0.4483631262245708,-1.1061470896301404,-1.1142113023038742,360.0,1.0,0,False,False,True
1,0,1,0,1,0.3649766670202938,-1.1061470896301404,-0.4052316779493256,360.0,1.0,0,True,False,False
1,1,0,0,0,-0.22399428273807162,0.79505885385807,-0.2596776929963666,360.0,1.0,1,False,True,False
1,0,3,0,0,1.7534469122403273,0.9899317569650337,1.8804236066114204,360.0,1.0,0,True,False,False
1,1,0,0,0,-1.288339912051158,0.8654920596036384,-0.026542762163008344,360.0,1.0,1,False,False,True
1,1,0,0,0,-1.8204694548562965,0.722192359958893,-0.5213057684386682,360.0,0.0,0,False,False,True
0,1,0,0,0,-0.12366124667910976,0.7519248791043817,0.2123137025269052,360.0,1.0,1,False,True,False
1,0,0,0,0,0.13777987792923466,1.1655532173641163,0.7152673186936845,360.0,1.0,1,False,False,True
1,0,0,1,0,-0.07753635277174795,0.7952538263240159,-0.33121660493748994,360.0,1.0,1,False,True,False
1,0,0,0,0,-0.16303780331581474,-1.1061470896301404,-0.961801293404527,360.0,1.0,0,False,False,True
1,0,0,0,0,-1.8204694548562965,0.6928017848779308,-1.9865183104180713,360.0,1.0,1,False,False,True
1,1,0,0,0,-1.1416182240182098,-1.1061470896301404,-1.0880247577811024,360.0,0.0,1,False,False,True
1,1,0,0,0,0.02632622618335296,0.9060163056525322,0.06614029721855812,360.0,1.0,1,False,True,False
1,1,0,1,1,0.36615706657861274,-1.1061470896301404,-0.6023651852988756,360.0,1.0,1,False,False,True
0,0,0,0,0,-0.281236485521758,-1.1061470896301404,-0.7744306910994281,360.0,1.0,1,False,False,True
1,1,1,0,0,0.6903971895814708,-1.1061470896301404,-2.1111582002098124,360.0,1.0,1,False,False,True
1,1,0,0,0,0.7398392102879165,-1.1061470896301404,0.2123137025269052,360.0,1.0,1,False,False,True
0,1,0,0,0,-0.8861206586158977,1.036441043646739,-0.1566545996781148,360.0,0.0,0,False,False,True
0,0,0,0,0,0.05650050522066751,0.897223351768717,0.2123137025269052,360.0,1.0,1,False,True,False
0,1,0,1,0,-1.7715516008481718,0.7905441234016419,-0.5213057684386682,360.0,1.0,1,False,True,False
0,0,0,0,0,-0.5086134494200787,-1.1061470896301404,-0.1566545996781148,360.0,1.0,1,False,True,False
0,0,0,0,0,0.16777449529051428,-1.1061470896301404,-0.29514837901166135,360.0,1.0,0,False,True,False
1,1,2,0,0,0.3346731417895989,-1.1061470896301404,0.06614029721855812,360.0,1.0,0,False,False,True
0,1,1,0,1,1.6629814784184909,-1.1061470896301404,1.6405349790120825,360.0,0.0,0,False,False,True
1,1,2,0,0,-0.8263373560856941,0.6805169364066471,-0.5818082322787417,360.0,1.0,1,False,True,False
1,1,0,0,0,-1.4725019516735003,0.7799122201687786,-0.6023651852988756,360.0,1.0,1,False,True,False
1,1,0,0,0,-0.3100912831993694,0.8861059235243459,0.08120881011816276,360.0,1.0,0,True,False,False
1,1,1,0,0,1.2289110419960692,0.8935560159667378,0.6698444690323032,360.0,1.0,1,False,False,True
1,1,2,1,0,-0.3160663226395886,0.9736737925364493,0.2123137025269052,360.0,1.0,1,False,False,True
1,1,0,0,0,-1.032598923109933,1.0701728992060089,-0.1566545996781148,360.0,1.0,1,False,False,True
1,1,3,0,0,-0.5525185619003515,-1.1061470896301404,-0.5412823447629712,360.0,1.0,1,False,False,True
1,1,0,1,1,-0.9212945899386683,1.0373331601015436,0.490653104398665,180.0,0.0,0,True,False,False
1,1,1,0,0,0.46055053869918383,-1.1061470896301404,-0.026542762163008344,360.0,0.0,0,True,False,False
0,0,0,0,0,0.13777987792923466,-1.1061470896301404,-0.22478442082630948,360.0,0.0,0,False,True,False
1,1,0,0,0,0.7128188183989899,1.1362459272141263,1.4220250793453284,360.0,1.0,0,False,True,False
1,0,0,1,0,-0.42450423884225064,0.8941453351719676,-0.05834199775277066,180.0,0.0,0,False,False,True
1,1,1,0,0,1.5866152926647963,-1.1061470896301404,1.8262033026759223,360.0,1.0,1,False,False,True
1,1,3,1,1,1.0468568004616619,-1.1061470896301404,-0.07441909125103018,60.0,1.0,1,False,False,True
0,0,0,0,0,0.1997772186309225,-1.1061470896301404,0.09617326933177807,360.0,0.0,0,False,True,False
1,1,0,0,0,-0.4187782565627991,0.9972983806139076,0.5760936324809186,360.0,1.0,1,False,False,True
1,1,2,1,1,-1.8204694548562965,0.8334386959876776,-0.5818082322787417,360.0,1.0,1,False,True,False
1,0,0,0,0,-0.22399428273807162,-1.1061470896301404,-0.9374451062204578,300.0,1.0,1,False,True,False
1,1,3,1,0,0.38951949509388567,-1.1061470896301404,-0.623123434518166,360.0,0.0,0,False,True,False
1,1,3,0,1,0.5713231086342954,0.8153269809786006,0.7487322455468848,360.0,1.0,1,False,True,False
1,0,0,0,0,-0.07641725187493834,-1.1061470896301404,-0.2773396259029414,480.0,1.0,0,False,False,True
1,0,0,0,0,-0.07641725187493834,1.147808109422311,0.6234673839739975,360.0,1.0,0,False,False,True
1,1,1,0,1,-1.8204694548562965,0.9924039481800261,-0.33121660493748994,360.0,1.0,0,False,False,True
1,1,3,0,0,-0.4483631262245708,1.0881948043488796,0.6698444690323032,300.0,0.0,0,False,True,False
1,1,3,1,1,-0.3321232289451367,0.8809491333947869,0.004795037662745395,360.0,0.0,1,False,True,False
0,0,0,0,0,-0.02377692077954425,-1.1061470896301404,-0.31310650018143243,360.0,1.0,1,False,True,False
1,1,1,0,1,-1.1472558462093099,-1.1061470896301404,-0.026542762163008344,360.0,1.0,1,False,True,False
0,1,2,0,0,-1.8204694548562965,0.8344857924523926,0.5154054767267032,360.0,1.0,0,False,False,True
1,1,0,0,0,0.7889193653108696,0.8935560159667378,1.478659512124237,360.0,0.0,0,False,True,False
1,1,1,0,0,0.05042007719463866,-1.1061470896301404,-1.869109760916912,240.0,1.0,1,False,False,True
1,0,0,0,0,-1.1803215547443435,0.9327552243445689,0.09617326933177807,360.0,1.0,1,False,True,False
1,1,2,1,0,-0.3321232289451367,0.8546345200426861,-0.5412823447629712,360.0,0.0,1,False,True,False
1,1,0,0,0,-1.032598923109933,0.8735389588516081,-0.4432245208163908,360.0,1.0,1,False,True,False
1,0,0,0,0,1.3068751315807892,-1.1061470896301404,0.9897842413932062,360.0,1.0,1,False,False,True
1,1,0,0,0,0.7038490749656703,1.1023208630159698,0.6117191033750093,360.0,1.0,1,False,True,False
1,1,0,0,0,-0.60905293863759,0.9784770328543089,0.02029518638707106,360.0,1.0,1,False,True,False
1,1,2,0,0,0.8537505475055531,1.1655532173641163,0.7597756831062821,180.0,1.0,1,False,True,False
1,1,2,1,0,-0.37307025394957294,0.8236920069125574,-0.9374451062204578,360.0,1.0,1,False,False,True
1,0,0,0,0,0.12203010820319013,-1.1061470896301404,-0.1233825892910118,360.0,1.0,1,False,True,False
1,0,0,1,0,-0.15116408411959575,-1.1061470896301404,-3.1579352523890583,120.0,1.0,1,False,True,False
1,0,0,0,0,0.9790649391323615,-1.1061470896301404,-0.026542762163008344,360.0,0.0,0,False,False,True
0,1,0,0,0,-1.0495788539170003,0.9011421027687977,0.11103515061606033,360.0,1.0,1,False,True,False
1,1,0,0,0,-1.695323908824454,0.6308197818765576,-1.869109760916912,360.0,1.0,1,False,True,False
1,1,0,1,0,0.14817152697372205,-1.1061470896301404,-0.24216009777289674,180.0,1.0,1,False,True,False
1,1,0,0,0,-1.8204694548562965,1.0463300849199422,0.02029518638707106,360.0,1.0,1,False,True,False
1,1,2,1,0,0.19434923206733173,1.0184386957058484,0.05096622243405754,180.0,1.0,1,False,False,True
1,0,0,0,0,0.4229609436652816,1.0710771489169897,0.3090874023896435,360.0,1.0,1,False,True,False
1,1,0,0,0,1.8444053346285412,-1.1061470896301404,-0.026542762163008344,360.0,1.0,1,False,False,True
1,1,0,0,0,0.3491241546903808,1.0503651104969596,-0.026542762163008344,360.0,1.0,1,False,True,False
1,1,0,0,0,-0.040003920712351385,0.5439391152781957,0.42752243445922217,360.0,1.0,1,False,False,True
1,1,1,0,0,-0.5346478483827108,0.6410550044426151,-0.5213057684386682,360.0,1.0,1,False,False,True
1,1,2,0,0,1.6549186619978746,0.6691808382156545,1.1340135521814687,360.0,1.0,1,False,False,True
1,0,0,1,0,1.093580393173851,-1.1061470896301404,-0.1566545996781148,360.0,1.0,0,True,False,False
1,1,2,0,0,-0.04874031840380858,1.0519858060768421,1.0485977577587617,360.0,0.0,0,False,False,True
1,1,3,1,0,-1.5570702516807764,0.5439391152781957,-0.6440871013776944,480.0,1.0,1,False,True,False
1,0,0,0,0,0.5876282537934793,-1.1061470896301404,0.09617326933177807,360.0,1.0,1,False,False,True
0,1,0,0,0,-0.6327602840189501,0.9055888991306207,0.1404569257515695,360.0,1.0,1,False,True,False
1,1,0,1,0,-0.17983578560291028,1.0978958323386754,0.322568227327182,360.0,0.0,0,True,False,False
0,0,1,0,1,1.1163654694915421,-1.1061470896301404,-0.026542762163008344,360.0,1.0,1,False,True,False
1,0,0,0,0,0.49799719819879157,-1.1061470896301404,-0.1904494469967235,360.0,1.0,1,False,True,False
1,1,1,0,0,1.909811056825678,-1.1061470896301404,0.7264786456808213,180.0,1.0,1,True,False,False
0,1,0,0,0,-0.4483631262245708,0.8983889647805181,0.34928278883676,360.0,1.0,1,False,True,False
1,1,1,0,0,-1.3646167849176492,0.7381844800795337,-0.8427526124724904,360.0,0.0,1,False,False,True
1,1,0,0,0,0.6662879417563473,0.8772634015119329,0.6117191033750093,360.0,1.0,0,True,False,False
0,0,0,0,0,1.548956777915502,-1.1061470896301404,1.430203080829103,360.0,1.0,1,False,False,True
1,1,0,0,0,0.6956813481808398,0.9502892243772739,0.6698444690323032,360.0,1.0,1,True,False,False
0,0,0,0,0,0.13777987792923466,-1.1061470896301404,-2.1111582002098124,360.0,1.0,1,False,True,False
0,0,0,0,0,-1.4657382909882892,1.1655532173641163,0.11103515061606033,360.0,0.0,1,False,True,False
1,1,2,0,0,-0.6098643634423564,-1.1061470896301404,-0.9374451062204578,360.0,1.0,1,False,True,False
1,1,0,1,0,0.1997772186309225,0.8569310005646179,0.8249045224829136,360.0,1.0,1,True,False,False
0,0,0,0,0,-0.10925606243028146,-1.1061470896301404,-0.6652604366722152,360.0,0.0,1,True,False,False
1,1,3,0,0,1.909811056825678,-1.1061470896301404,2.193060482376809,360.0,1.0,1,True,False,False
1,0,0,0,0,-0.013602048905871127,0.7897529470534594,-0.026542762163008344,360.0,1.0,1,True,False,False
1,1,1,0,1,1.5607226663850917,1.0750297055399685,0.42752243445922217,180.0,0.0,0,False,False,True
1,1,0,0,0,0.810119424539712,0.9377412220593662,0.69267262879298,360.0,0.0,0,True,False,False
1,0,0,0,1,1.909811056825678,-1.1061470896301404,3.434580413935379,480.0,0.0,1,False,False,True
1,0,0,0,0,-1.6396988339365115,0.8427521976153983,-1.1142113023038742,360.0,1.0,1,False,False,True
1,0,0,0,0,-0.8170481037765408,-1.1061470896301404,-1.2223796708769639,360.0,1.0,1,False,True,False
1,1,0,0,1,-0.24978176366908902,-1.1061470896301404,-3.1579352523890583,120.0,1.0,1,False,True,False
1,0,0,0,0,0.4422776595057391,-1.1061470896301404,-0.48190707780797637,360.0,1.0,1,False,True,False
1,1,3,0,0,0.05650050522066751,1.1655532173641163,1.6701022130815404,360.0,1.0,0,False,True,False
0,1,0,0,0,0.32127034766607154,-1.1061470896301404,-0.8660285703749202,360.0,1.0,0,True,False,False
1,1,2,0,1,-0.3436069292040918,1.0423478446236374,-0.7744306910994281,360.0,1.0,1,False,False,True
1,0,0,0,0,1.909811056825678,-1.1061470896301404,1.2869783367404544,360.0,0.0,0,False,True,False
1,1,2,1,0,0.15380371459596615,0.7454607259867255,-0.010817049984296926,360.0,1.0,0,True,False,False
1,1,2,0,0,0.49518718605543466,0.8680363222224671,0.7264786456808213,360.0,1.0,0,True,False,False
1,0,0,0,0,0.619842771968729,-1.1061470896301404,0.5276778545094367,360.0,1.0,1,False,False,True
1,0,0,0,1,1.015485361885869,-1.1061470896301404,0.6117191033750093,180.0,1.0,1,False,True,False
1,1,0,0,0,-0.8356805248202719,0.8601859982120872,-0.1233825892910118,360.0,1.0,1,False,True,False
1,1,2,0,0,1.6873792252981825,-1.1061470896301404,0.7487322455468848,180.0,1.0,1,False,False,True
0,1,0,0,0,-1.2222631644579658,1.127895176560253,-0.5213057684386682,360.0,1.0,1,False,True,False
0,1,2,0,0,1.909811056825678,-1.1061470896301404,-1.2223796708769639,360.0,1.0,1,False,False,True
1,1,1,0,0,-1.8204694548562965,0.7443338814382512,-2.824499344406397,360.0,1.0,1,False,False,True
0,0,0,0,0,1.5014120430202507,0.794863772314982,1.1340135521814687,360.0,1.0,0,True,False,False
1,1,0,0,0,0.4293116521968676,0.573619052683258,-0.07441909125103018,360.0,1.0,1,False,True,False
1,0,0,0,0,0.8605093301297915,-1.1061470896301404,-0.1904494469967235,360.0,0.0,0,True,False,False
1,1,0,0,1,-0.9532050038987303,1.0659845233934495,0.322568227327182,360.0,1.0,1,True,False,False
1,0,0,0,0,1.394067420927612,-1.1061470896301404,1.304308379685888,360.0,1.0,0,False,False,True
1,1,2,1,0,-1.2810103613178963,-1.1061470896301404,-0.2773396259029414,360.0,1.0,0,True,False,False
1,0,0,0,0,-0.38628296088690595,-1.1061470896301404,-1.869109760916912,360.0,1.0,1,False,False,True
1,1,3,0,0,1.909811056825678,-1.1061470896301404,3.2554545810043822,180.0,0.0,1,False,True,False
1,1,1,0,0,0.7889193653108696,-1.1061470896301404,0.42752243445922217,360.0,0.0,1,True,False,False
1,1,1,0,0,1.4437642037750547,-1.1061470896301404,0.7487322455468848,360.0,1.0,1,False,False,True
1,0,0,0,0,-0.5913096757137594,0.8680363222224671,-0.1566545996781148,360.0,1.0,1,True,False,False
1,1,0,0,0,0.32127034766607154,1.1655532173641163,1.3973119434221324,360.0,1.0,1,False,True,False
1,1,0,1,0,-1.8204694548562965,0.6443989031700937,-0.5614485781472234,360.0,1.0,1,False,True,False
1,1,0,0,0,1.203864980222261,-1.1061470896301404,1.5571846485815792,360.0,1.0,0,False,False,True
1,1,1,0,0,-0.5063378780516458,0.7099395463585315,-0.13995428758025216,360.0,0.0,0,False,True,False
1,1,2,0,0,0.1382540903068853,0.7492647144469798,0.4017520820505373,360.0,1.0,1,True,False,False
1,1,0,0,0,1.415420469635109,-1.1061470896301404,-1.0880247577811024,180.0,1.0,1,False,False,True
1,1,0,0,0,-0.10068611186666851,1.0081828676013271,0.69267262879298,360.0,1.0,1,True,False,False
0,1,0,0,0,0.32127034766607154,-1.1061470896301404,-0.29514837901166135,360.0,1.0,0,True,False,False
1,1,0,0,0,-1.0982679353584295,1.025664651696745,-0.010817049984296926,360.0,1.0,1,True,False,False
1,0,0,0,0,-1.3354739987572286,-1.1061470896301404,-1.4264048033578232,480.0,0.0,0,False,True,False
1,1,2,0,0,1.2153699757987453,-1.1061470896301404,0.8881756657509371,360.0,1.0,1,False,True,False
1,1,0,1,0,-1.8204694548562965,0.8144055866041169,-0.623123434518166,360.0,1.0,1,True,False,False
1,1,3,0,0,1.909811056825678,-1.1061470896301404,3.6012522216988803,300.0,1.0,1,False,False,True
1,1,3,1,0,-0.21035139162109703,-1.1061470896301404,-0.9374451062204578,180.0,1.0,0,True,False,False
1,1,0,0,0,0.7076198747113628,1.1655532173641163,0.7487322455468848,360.0,1.0,1,False,True,False
1,1,0,1,1,0.21947844881001788,0.5365021665078367,-0.7969592797913452,360.0,1.0,0,False,True,False
1,1,0,0,0,-0.22586509293730642,0.848659734762631,-0.22478442082630948,360.0,1.0,1,True,False,False
1,1,2,0,0,-1.5943126848207763,0.7855695217036885,-0.5015151954575537,360.0,1.0,1,True,False,False
1,1,3,0,0,0.650518666798081,1.1655532173641163,2.8287161482556313,360.0,0.0,0,False,True,False
1,1,1,0,0,-0.07641725187493834,-1.1061470896301404,-0.22478442082630948,360.0,1.0,1,False,True,False
1,0,0,1,0,-1.2187293256551819,0.7501537137399684,-0.48190707780797637,480.0,0.0,0,False,False,True
1,1,1,0,0,0.8907321013905264,1.1655532173641163,0.6698444690323032,360.0,0.0,0,False,False,True
1,0,0,0,0,-1.7906840704646507,1.1655532173641163,-1.3073697241539057,360.0,0.0,0,True,False,False
1,1,0,0,0,0.32819363650378713,-1.1061470896301404,-1.1407309913776476,180.0,1.0,1,False,True,False
1,1,1,0,0,1.909811056825678,-1.1061470896301404,1.4383515984907316,360.0,1.0,0,False,True,False
0,1,0,0,0,-0.1482117059289595,-1.1061470896301404,-0.3679035803394927,360.0,1.0,1,False,True,False
1,1,0,0,1,1.909811056825678,1.147808109422311,-0.1566545996781148,360.0,1.0,1,False,True,False
1,1,1,0,1,-1.4111968376190087,-1.1061470896301404,-1.3364922870117082,300.0,0.0,0,True,False,False
1,1,0,0,0,-1.1608617098277314,0.876645371978754,-1.5855638790963742,360.0,0.0,1,True,False,False
1,1,0,0,1,-1.8204694548562965,1.1655532173641163,0.5276778545094367,360.0,1.0,1,True,False,False
1,1,0,0,0,1.4160912364041616,-1.1061470896301404,0.7597756831062821,180.0,1.0,1,True,False,False
1,0,0,1,0,0.43858794569847115,-1.1061470896301404,-1.9466221019964207,360.0,1.0,1,True,False,False
1,0,0,0,0,1.7096912997586713,-1.1061470896301404,0.4781714834009659,360.0,1.0,0,False,True,False
1,1,0,1,0,0.7977177667928519,-1.1061470896301404,0.42752243445922217,360.0,1.0,0,False,False,True
1,0,0,0,0,-0.017341548290263836,-1.1061470896301404,-1.062162813583955,360.0,1.0,1,False,True,False
1,0,0,0,0,0.1495819430542201,-1.1061470896301404,-0.1566545996781148,360.0,1.0,1,True,False,False
1,1,1,0,0,-0.47929853200326245,0.9395608465905366,0.5520189535932349,360.0,1.0,0,False,True,False
1,0,0,0,0,1.2703867796941393,1.0659845233934495,0.7487322455468848,360.0,1.0,1,True,False,False
0,0,0,1,0,-1.8051571055341507,0.9101217166851586,-0.1566545996781148,360.0,1.0,1,False,False,True
0,1,0,0,0,-0.2773469244277772,0.9685667350937489,-0.2773396259029414,360.0,0.0,1,False,True,False
1,0,0,0,1,1.6129759897198412,-1.1061470896301404,-0.8895651932646621,360.0,1.0,0,False,False,True
1,1,1,1,0,-0.9302071567134836,0.9286357233796917,-0.7300830190514969,360.0,1.0,1,False,True,False
1,0,2,0,0,0.4525463084700044,-1.1061470896301404,0.5030641620350468,360.0,0.0,1,False,True,False
1,1,3,1,0,0.05245006912866722,-1.1061470896301404,-0.026542762163008344,180.0,1.0,0,False,False,True
1,1,1,1,0,-0.22399428273807162,0.6568706911370582,0.08120881011816276,360.0,1.0,1,False,False,True
1,1,2,1,0,0.01384853407211347,-1.1061470896301404,-0.09061695201350645,360.0,1.0,1,False,True,False
0,0,0,1,0,0.2475830455248928,-1.1061470896301404,-0.1566545996781148,360.0,1.0,1,False,True,False
0,0,0,0,0,-0.3932856892211679,-1.1061470896301404,-0.961801293404527,360.0,1.0,1,False,False,True
1,0,0,1,0,0.04380050539620352,0.9327552243445689,-1.6873387015194226,360.0,1.0,1,True,False,False
1,0,0,0,0,-1.0549202789159096,-1.1061470896301404,-1.5527313680134898,360.0,1.0,1,False,False,True
1,0,0,0,0,-0.2760527824850036,-1.1061470896301404,-0.042383823281289125,360.0,1.0,0,False,True,False
0,0,0,0,0,1.5014120430202507,-1.1061470896301404,1.0291649351840684,360.0,1.0,0,False,True,False
1,1,3,0,0,-0.2683127795879664,0.702371904855244,-0.026542762163008344,360.0,0.0,0,False,True,False
1,1,1,0,1,1.1782587937888311,-1.1061470896301404,1.269513794434246,360.0,1.0,1,False,False,True
1,1,3,1,1,0.706171161391681,-1.1061470896301404,0.004795037662745395,360.0,1.0,1,True,False,False
1,1,0,0,0,-0.44399623490539925,0.9922919405237066,0.11103515061606033,360.0,1.0,1,False,False,True
1,1,3,1,0,-0.021628304013938702,0.6263818687726813,-0.5213057684386682,360.0,1.0,1,False,True,False
1,1,0,0,0,-1.8204694548562965,0.8200795451918496,0.08120881011816276,360.0,1.0,0,True,False,False
1,1,0,0,0,-0.0893436872617979,0.8155109692548096,0.02029518638707106,360.0,1.0,1,False,True,False
1,1,2,0,0,0.48031917266945345,-1.1061470896301404,-1.1675927150427472,360.0,0.0,0,False,True,False
0,1,2,0,0,0.1920805391819414,0.9126463552600828,-0.042383823281289125,360.0,0.0,1,False,True,False
1,1,0,0,0,-1.3556971863779315,-1.1061470896301404,-1.5204153480671874,360.0,0.0,0,False,False,True
1,1,2,0,0,0.06104209729471797,0.8046764334128245,-0.22478442082630948,360.0,1.0,1,False,True,False
1,0,0,0,0,-0.5985433925990018,0.9655639815447099,0.2123137025269052,360.0,1.0,1,False,True,False
1,1,0,0,0,1.1402648929793053,0.6348890010025481,0.6117191033750093,360.0,1.0,1,False,True,False
1,1,0,0,0,0.8537505475055531,-1.1061470896301404,-0.026542762163008344,360.0,1.0,1,False,True,False
1,1,0,0,0,-0.3890799998006727,-1.1061470896301404,0.5520189535932349,360.0,1.0,0,True,False,False
1,1,0,1,1,0.38178358577976373,-1.1061470896301404,0.12579589821419798,360.0,1.0,0,False,False,True
1,1,2,0,0,0.8537505475055531,0.8004773079998473,0.9897842413932062,360.0,1.0,1,False,True,False
1,1,0,0,0,0.39067548427873156,-1.1061470896301404,0.4017520820505373,480.0,1.0,1,False,True,False
1,0,0,0,1,0.8907321013905264,-1.1061470896301404,0.8881756657509371,360.0,1.0,1,True,False,False
1,1,1,0,0,-1.0421291032851707,0.8634112879508055,-0.4432245208163908,360.0,1.0,1,False,True,False
1,1,0,0,0,-0.09557018169307707,-1.1061470896301404,-2.1987478515492285,180.0,1.0,1,True,False,False
1,0,0,1,0,-0.43241419756630833,0.9415002665076361,-0.1566545996781148,360.0,1.0,1,True,False,False
0,0,0,0,0,1.2703867796941393,-1.1061470896301404,1.5954506699114095,360.0,1.0,1,False,True,False
1,1,1,0,0,-0.45713592803117287,0.8162459572069156,0.15501961709975873,360.0,1.0,1,False,True,False
1,1,1,0,0,0.6456196254484905,0.7049130882512445,0.5520189535932349,360.0,1.0,1,True,False,False
1,1,0,0,0,0.718565464880306,-1.1061470896301404,1.3973119434221324,360.0,0.0,0,False,False,True
0,0,0,0,1,-0.24724486257892897,-1.1061470896301404,-0.1233825892910118,360.0,0.0,1,False,False,True
0,0,1,0,0,-0.04218263165105387,-1.1061470896301404,-0.29514837901166135,360.0,1.0,1,True,False,False
1,1,1,0,0,-0.3442853140306753,-1.1061470896301404,-0.6023651852988756,360.0,1.0,1,False,True,False
1,1,2,0,0,0.739277492177056,1.1655532173641163,-0.1566545996781148,360.0,1.0,1,True,False,False
1,1,1,1,0,-1.022072697887946,0.8518256994398624,0.15501961709975873,180.0,1.0,0,False,False,True
1,0,0,0,0,-0.6033849785197455,1.1655532173641163,0.36251859180270785,60.0,1.0,1,False,False,True
1,1,2,0,1,0.8537505475055531,0.7148933194833955,-0.3679035803394927,360.0,1.0,1,True,False,False
1,1,0,1,0,-0.2838354902279678,1.122510547554169,-0.10693747219754575,360.0,1.0,1,False,True,False
1,0,0,0,1,0.80222090007863,1.115848438359485,-0.1566545996781148,180.0,1.0,0,False,False,True
1,1,2,0,0,1.4648460875950604,-1.1061470896301404,-0.29514837901166135,360.0,1.0,1,False,False,True
1,1,1,1,0,0.9398224417602773,-1.1061470896301404,0.11103515061606033,180.0,1.0,1,False,False,True
1,1,1,0,0,-0.6719740763095958,0.8278008603089051,-0.10693747219754575,480.0,1.0,1,False,True,False
1,1,0,0,0,-1.8204694548562965,0.8322131275235907,-0.7300830190514969,360.0,1.0,1,False,False,True
1,1,0,1,0,-1.8204694548562965,1.0785865485165587,0.898547854680316,360.0,0.0,0,False,True,False
0,0,2,0,0,-0.27024379773293544,-1.1061470896301404,0.12579589821419798,360.0,1.0,0,False,False,True
1,0,0,1,1,-0.9471746338945212,0.8811018777502291,-0.4432245208163908,360.0,1.0,1,True,False,False
1,1,1,1,0,-0.8707276294736632,1.1655532173641163,1.58784888469288,180.0,1.0,1,False,True,False
1,0,0,0,1,1.909811056825678,-1.1061470896301404,0.8034068538403795,360.0,0.0,0,False,False,True
0,0,3,0,0,-0.5108924903669091,-1.1061470896301404,1.3973119434221324,360.0,1.0,1,True,False,False
1,0,0,1,0,0.8008985095386164,-1.1061470896301404,-0.24216009777289674,360.0,0.0,0,True,False,False
1,1,3,0,0,0.5660541202868343,-1.1061470896301404,-0.6440871013776944,360.0,1.0,0,False,False,True
1,1,0,0,0,1.909811056825678,0.8707197114509719,1.7706665445918248,360.0,1.0,0,True,False,False
1,1,3,1,0,0.4554634126761655,-1.1061470896301404,-0.026542762163008344,360.0,0.0,0,False,True,False
1,1,1,0,0,0.8109059178481687,1.109146254904011,1.9464432264553904,360.0,0.0,1,False,False,True
1,0,0,0,0,-1.5727367482926362,0.8874585152586524,0.06614029721855812,360.0,1.0,1,False,True,False
0,0,1,0,0,-0.23588539187413166,-1.1061470896301404,0.36251859180270785,36.0,1.0,0,False,True,False
0,0,0,0,0,1.0672000238093975,-1.1061470896301404,-0.1566545996781148,360.0,1.0,1,True,False,False
1,0,0,0,1,0.5379734058470271,-1.1061470896301404,-0.026542762163008344,360.0,1.0,1,False,True,False
1,0,0,0,0,0.10364807594479399,1.0371350997837914,0.3090874023896435,360.0,1.0,1,True,False,False
1,1,2,0,0,0.37125850346981526,0.7356473735343486,0.2955228035108451,360.0,1.0,1,False,True,False
1,1,3,0,0,0.21458254609874888,0.8220710032178696,0.42752243445922217,360.0,0.0,1,False,False,True
0,0,0,0,0,-0.2760527824850036,-1.1061470896301404,0.08120881011816276,360.0,1.0,0,True,False,False
0,0,1,0,0,-0.6770522763600909,0.7735394685350516,-0.7300830190514969,360.0,1.0,1,False,False,True
0,0,0,0,0,-0.3982077613303828,-1.1061470896301404,-2.824499344406397,360.0,1.0,1,False,False,True
1,1,0,0,0,1.6279405213475668,-1.1061470896301404,0.09617326933177807,360.0,1.0,1,False,False,True
1,0,0,0,0,-0.713938155305438,0.8302785553782644,-0.05834199775277066,360.0,1.0,1,True,False,False
1,1,0,0,0,-0.9104666685935573,0.8895523670444233,0.2955228035108451,360.0,1.0,1,False,True,False
1,1,2,0,0,0.004937436646926126,-1.1061470896301404,-0.7300830190514969,360.0,1.0,1,False,True,False
1,1,1,0,0,-0.7876789422623764,0.8276232112445396,-0.24216009777289674,360.0,1.0,1,False,True,False
1,1,0,0,0,0.05295706908615908,1.0195837203999258,0.9597855136689614,360.0,1.0,1,False,True,False
1,1,0,0,0,-0.49576416735538725,0.7148933194833955,-0.961801293404527,360.0,1.0,1,False,False,True
1,1,0,0,0,1.909811056825678,-1.1061470896301404,2.550067058719945,360.0,1.0,1,False,True,False
0,1,0,1,0,0.10608201184445563,-1.1061470896301404,-0.09061695201350645,360.0,0.0,1,True,False,False
1,0,1,1,1,0.08301752294702157,0.9186061845702111,0.4017520820505373,360.0,0.0,0,False,False,True
1,1,0,0,0,0.01906209552558032,0.5622183672940885,-0.29514837901166135,360.0,1.0,1,False,True,False
1,1,2,0,0,-1.256795166640931,0.6272741394231018,-1.0113801726805174,180.0,1.0,1,False,False,True
0,0,0,0,0,-1.8204694548562965,0.794863772314982,-1.7224202930319776,360.0,1.0,1,False,False,True
1,1,0,0,0,1.909811056825678,-1.1061470896301404,-0.026542762163008344,360.0,1.0,0,True,False,False
1,0,0,0,0,-0.4549378303633937,0.9958591524015217,-0.7521403220363823,360.0,1.0,1,True,False,False
0,0,0,0,1,-0.9302071567134836,0.8046764334128245,-0.5412823447629712,300.0,1.0,0,False,True,False
1,1,0,0,0,-0.10239574992013609,0.8546345200426861,-0.1566545996781148,360.0,1.0,1,True,False,False
0,0,0,0,0,0.11770046751042242,-1.1061470896301404,-0.24216009777289674,360.0,1.0,1,False,True,False
1,0,0,0,0,1.4398696366613126,-1.1061470896301404,0.7487322455468848,360.0,1.0,1,True,False,False
1,1,0,0,0,-0.5169869613355759,0.9172290197398847,0.1404569257515695,360.0,1.0,1,True,False,False
1,1,2,0,0,0.24410503538696954,-1.1061470896301404,-0.042383823281289125,360.0,0.0,0,False,True,False
1,1,2,0,0,-0.45860314715022626,0.7735394685350516,0.06614029721855812,360.0,1.0,1,False,False,True
0,0,0,0,0,0.619842771968729,-1.1061470896301404,0.1981310837214856,480.0,0.0,0,False,False,True
1,1,0,0,0,-1.1608617098277314,1.0257668505649125,0.5760936324809186,360.0,1.0,1,False,True,False
1,1,3,0,0,0.2510511771381488,0.702371904855244,-0.33121660493748994,360.0,1.0,1,False,False,True
1,1,1,0,0,0.9993986278835642,-1.1061470896301404,0.8881756657509371,360.0,1.0,1,False,True,False
0,1,1,0,0,0.35469675627778563,-1.1061470896301404,0.08120881011816276,360.0,1.0,1,False,False,True
0,0,0,0,0,0.48031917266945345,0.9340740620875819,0.3090874023896435,480.0,1.0,0,True,False,False
1,1,1,0,0,-1.6396988339365115,0.9813748506213877,-0.2773396259029414,360.0,1.0,0,False,False,True
1,1,0,1,0,-1.8204694548562965,0.9824124132380259,-0.6652604366722152,360.0,0.0,0,False,False,True
1,1,0,1,0,-0.6779002575111079,0.810882000013443,-0.4241434783944496,360.0,1.0,1,False,True,False
0,0,0,0,0,0.48031917266945345,-1.1061470896301404,0.03568504416012363,360.0,1.0,1,True,False,False
1,1,1,0,0,-1.8204694548562965,0.8206237930179558,-0.6023651852988756,360.0,1.0,1,False,False,True
1,0,0,0,0,0.05650050522066751,0.9286357233796917,0.15501961709975873,360.0,1.0,1,True,False,False
1,0,0,1,0,-1.66055642818206,-1.1061470896301404,-0.026542762163008344,360.0,1.0,0,False,False,True
0,0,0,0,0,-0.0697222370320952,0.794863772314982,0.08120881011816276,360.0,1.0,1,True,False,False
0,0,0,0,0,-1.1416182240182098,0.8313350969763841,-0.4432245208163908,360.0,0.0,0,False,False,True
1,0,0,0,0,1.909811056825678,-1.1061470896301404,2.760945697550411,360.0,1.0,0,True,False,False
1,1,2,1,0,1.1566424921977174,-1.1061470896301404,0.7264786456808213,360.0,0.0,1,True,False,False
0,0,0,0,0,-0.6426781263390717,-1.1061470896301404,-0.8660285703749202,360.0,1.0,1,False,True,False
1,0,0,1,0,-0.6344088315600755,0.9157079854870925,-0.31310650018143243,360.0,1.0,1,False,True,False
0,0,0,0,0,-1.025223655301189,-1.1061470896301404,-1.6528487836494554,360.0,1.0,1,True,False,False
1,1,2,0,1,0.718565464880306,-1.1061470896301404,0.2123137025269052,84.0,0.0,1,True,False,False
1,1,0,0,0,-1.0613523190715286,0.8278008603089051,0.4146751622528809,360.0,1.0,0,True,False,False
1,1,1,1,0,-0.28839527823797934,0.7897529470534594,-0.31310650018143243,180.0,1.0,1,False,False,True
1,1,2,0,0,-0.0950029436291666,-1.1061470896301404,-0.1566545996781148,360.0,1.0,1,False,True,False
1,1,0,0,0,-1.5755992944382198,0.8760262633182114,-0.7744306910994281,360.0,0.0,1,False,False,True
0,0,1,0,0,-0.19867593020138508,-1.1061470896301404,-0.29514837901166135,360.0,0.0,1,False,True,False
1,1,1,0,1,1.5014120430202507,-1.1061470896301404,0.36251859180270785,360.0,1.0,0,True,False,False
1,1,0,0,0,-1.1416182240182098,0.8811018777502291,-0.24216009777289674,360.0,1.0,1,False,True,False
1,1,3,0,0,0.21858973069723342,0.13747112669575592,-0.09061695201350645,360.0,1.0,1,False,True,False
1,1,2,1,0,-0.16244166360205406,0.7797084615502818,-0.026542762163008344,360.0,1.0,1,True,False,False
0,0,0,0,0,-0.4490922021947358,0.9882364596260581,0.03568504416012363,360.0,0.0,1,True,False,False
1,1,3,0,0,1.909811056825678,-1.1061470896301404,1.7423834834333325,360.0,1.0,1,True,False,False
1,1,1,0,1,1.322062099662853,1.164543060506534,2.2278812399399395,360.0,0.0,0,True,False,False
1,0,0,0,0,0.4503536003849451,-1.1061470896301404,0.004795037662745395,360.0,0.0,1,True,False,False
1,1,0,0,1,0.7389965196428976,0.8800312840125686,0.7152673186936845,360.0,1.0,1,False,True,False
0,1,0,0,0,0.21458254609874888,0.9220260728585238,-0.33121660493748994,360.0,1.0,0,False,False,True
0,0,0,0,0,-1.032598923109933,-1.1061470896301404,-1.3073697241539057,360.0,1.0,1,False,False,True
1,0,1,0,0,0.2371191945345384,0.818806337307896,-0.20754830373055583,360.0,1.0,1,False,False,True
1,0,0,0,0,-0.6278252084526635,-1.1061470896301404,-0.5614485781472234,360.0,1.0,1,False,True,False
1,0,0,0,0,-0.713938155305438,-1.1061470896301404,-1.1948057281815234,360.0,1.0,1,False,False,True
1,1,0,0,0,1.909811056825678,-1.1061470896301404,2.8063420295426282,180.0,1.0,1,False,False,True
1,1,1,0,1,1.4810643418062528,0.8260203107279539,0.69267262879298,180.0,1.0,1,False,False,True
1,1,0,0,1,0.646539895898771,1.1282049549476527,-1.2223796708769639,360.0,1.0,1,False,True,False
1,1,1,0,0,0.5660541202868343,0.5158091737417767,0.42752243445922217,360.0,1.0,1,True,False,False
1,1,2,0,1,-1.032598923109933,1.1366245413846954,0.6234673839739975,360.0,1.0,1,True,False,False
0,0,3,1,0,-1.8204694548562965,-1.1061470896301404,-0.026542762163008344,360.0,0.0,0,False,False,True
0,0,0,0,0,0.1349308528028287,-1.1061470896301404,-1.1948057281815234,360.0,1.0,1,False,True,False
1,1,3,1,0,-0.8841885579865787,0.7790964680466841,0.5880329359058047,360.0,1.0,0,True,False,False
0,0,0,0,0,-1.1665625564358653,-1.1061470896301404,-2.0272166220433454,360.0,1.0,0,True,False,False
1,1,1,1,0,0.3093666604820219,0.696973150157157,0.4017520820505373,360.0,1.0,1,False,False,True
1,1,3,1,0,-0.44399623490539925,-1.1061470896301404,-1.1142113023038742,360.0,1.0,1,False,True,False
1,1,2,0,0,-0.9471746338945212,0.9051609797979252,-0.07441909125103018,360.0,1.0,1,True,False,False
1,1,0,0,0,-1.0336551751491563,0.9229778125436692,0.42752243445922217,360.0,1.0,1,False,True,False
1,1,0,1,0,-0.20973443424999894,1.0149818934255692,0.322568227327182,360.0,0.0,0,True,False,False
1,1,2,1,0,-0.5108924903669091,0.881254556393246,-0.05834199775277066,360.0,1.0,1,False,False,True
1,1,0,0,0,0.8743833506222061,1.1353356830974244,1.430203080829103,360.0,0.0,1,False,True,False
1,1,0,0,0,-0.9055684076128825,1.1655532173641163,0.7487322455468848,360.0,1.0,1,True,False,False
1,1,0,0,0,1.382545727613537,-1.1061470896301404,1.161776216763281,360.0,1.0,1,False,True,False
1,0,0,0,0,1.334608471989185,1.1023208630159698,1.7986036027103622,360.0,1.0,0,True,False,False
1,1,3,0,0,-0.8659470203856463,0.8680363222224671,-0.623123434518166,360.0,1.0,1,True,False,False
0,1,0,0,1,0.6456196254484905,-1.1061470896301404,-0.4241434783944496,360.0,0.0,0,True,False,False
0,1,0,0,0,-1.115920352409343,0.4221438809978208,0.004795037662745395,360.0,1.0,1,False,True,False
0,0,0,0,0,-0.04163761811876679,-1.1061470896301404,-0.22478442082630948,180.0,1.0,1,False,False,True
1,1,2,0,0,1.2703867796941393,1.0082900844171099,0.490653104398665,360.0,1.0,1,True,False,False
1,1,1,0,0,-0.008278281239657919,-1.1061470896301404,-1.3073697241539057,360.0,1.0,0,False,False,True
1,1,0,1,0,-0.5753566590954953,0.794863772314982,-0.5213057684386682,480.0,0.0,0,False,False,True
1,1,3,0,0,0.5383119032178499,1.0082900844171099,0.8881756657509371,360.0,1.0,1,False,True,False
0,0,1,0,0,0.3771174136568674,-1.1061470896301404,-0.9374451062204578,360.0,1.0,0,False,True,False
1,1,2,0,0,0.48031917266945345,1.058304517269012,1.234172446484039,360.0,1.0,1,False,True,False
1,1,0,0,0,0.38759030423256335,0.9055888991306207,0.004795037662745395,360.0,1.0,1,False,False,True
1,1,0,0,0,-0.5650762927427557,0.9936337562679075,-0.623123434518166,300.0,0.0,1,False,False,True
1,0,0,0,1,0.9878638469846748,-1.1061470896301404,0.16948532721015044,360.0,1.0,1,True,False,False
1,0,0,1,0,0.8451741109253691,-1.1061470896301404,0.05096622243405754,360.0,1.0,0,True,False,False
1,0,0,0,0,-1.032598923109933,-1.1061470896301404,-0.6023651852988756,480.0,1.0,0,False,True,False
1,0,0,0,0,0.5236631380892918,-1.1061470896301404,-0.09061695201350645,360.0,0.0,0,True,False,False
1,1,1,0,0,0.8724131396002253,-1.1061470896301404,0.6117191033750093,360.0,1.0,1,False,True,False
1,1,0,0,0,1.909811056825678,1.1655532173641163,3.1411520795822327,360.0,1.0,0,True,False,False
0,0,0,0,1,1.909811056825678,-1.1061470896301404,-1.6873387015194226,360.0,1.0,1,False,True,False
1,1,2,0,0,0.5443873511260977,-1.1061470896301404,0.36251859180270785,360.0,1.0,1,False,True,False
1,1,2,0,1,1.415420469635109,1.1655532173641163,2.2508074618579195,300.0,1.0,1,True,False,False
1,0,1,0,0,-0.526943657621008,0.8524886126814247,-0.31310650018143243,180.0,0.0,0,False,False,True
0,0,0,0,0,-0.7749977653429064,0.7519248791043817,-0.33121660493748994,360.0,1.0,1,False,False,True
1,1,0,0,0,0.4131802233218329,0.606669398500556,-0.1566545996781148,180.0,1.0,1,False,False,True
1,1,3,0,0,1.334608471989185,1.165455126896162,0.004795037662745395,360.0,1.0,1,True,False,False
1,1,0,0,0,0.20428243838434051,-1.1061470896301404,0.004795037662745395,360.0,0.0,1,False,True,False
1,0,0,0,0,-0.5215741460010624,-1.1061470896301404,-1.1948057281815234,480.0,1.0,0,False,False,True
1,1,2,0,0,0.6116403914394964,-1.1061470896301404,0.004795037662745395,360.0,1.0,1,False,False,True
1,1,0,0,0,-0.3321232289451367,0.9286357233796917,-0.026542762163008344,360.0,1.0,1,False,True,False
1,0,0,0,0,0.7729983539415686,1.1076766727131153,1.7137454338489229,360.0,1.0,1,False,True,False
0,0,0,0,0,0.7889193653108696,-1.1061470896301404,0.3756747546352856,360.0,1.0,1,False,False,True
1,0,0,0,1,1.0605359551870421,-1.1061470896301404,-0.026542762163008344,360.0,1.0,1,False,False,True
1,1,2,0,0,0.31430669371494957,-1.1061470896301404,-0.5213057684386682,360.0,1.0,0,False,False,True
1,0,1,0,0,-0.12366124667910976,-1.1061470896301404,-0.2773396259029414,180.0,1.0,1,False,False,True
1,0,0,1,0,-1.2034979363888891,0.7817406935833583,0.03568504416012363,360.0,1.0,1,False,True,False
1,1,0,1,0,-0.5674425077593569,1.0049515877246489,-0.026542762163008344,360.0,0.0,0,False,False,True
1,1,0,0,0,-1.2187293256551819,0.9173669751811916,0.09617326933177807,360.0,1.0,1,False,False,True
1,1,0,0,0,0.6419306623351344,-1.1061470896301404,-0.07441909125103018,360.0,1.0,1,True,False,False
1,0,3,0,0,1.3942052390809918,-1.1061470896301404,0.7264786456808213,360.0,1.0,1,True,False,False
1,1,3,0,0,1.439348905770533,-1.1061470896301404,1.5571846485815792,360.0,1.0,1,True,False,False
1,1,0,0,0,-0.9471746338945212,0.8730706395425512,-0.1566545996781148,360.0,0.0,1,False,False,True
1,1,2,1,0,-1.671071246882032,0.7867699243448324,-0.2773396259029414,180.0,1.0,1,False,True,False
1,1,2,0,0,-0.4980236611687785,0.7386437717830444,-0.2773396259029414,360.0,1.0,1,False,False,True
1,1,2,0,0,-0.3709950215020431,0.40943366308874546,0.08120881011816276,360.0,0.0,1,False,True,False
0,0,0,0,0,-0.4389178563497474,-1.1061470896301404,-1.1948057281815234,360.0,0.0,0,False,False,True
1,1,0,0,0,-0.5493953606322771,0.7519248791043817,-0.623123434518166,360.0,1.0,1,False,False,True
1,0,0,1,0,0.00598895832225666,0.794863772314982,-0.34948137890271225,360.0,1.0,1,True,False,False
0,0,0,0,0,-1.8204694548562965,0.8200795451918496,-0.462477969123452,360.0,0.0,0,False,True,False
1,1,2,1,0,-0.6660704106983494,-1.1061470896301404,-2.0687511361694972,180.0,0.0,0,False,False,True
1,0,0,1,0,-0.7831383580045438,-1.1061470896301404,-1.3660305789501062,300.0,1.0,0,True,False,False
1,0,0,0,0,-1.032598923109933,1.1655532173641163,-0.462477969123452,360.0,1.0,1,False,True,False
0,0,0,1,0,-1.716798716421656,-1.1061470896301404,-1.758114951911309,360.0,1.0,1,False,True,False
0,0,0,0,1,1.1144565133035953,-1.1061470896301404,0.8249045224829136,360.0,1.0,0,True,False,False
0,0,0,0,0,0.30647554259172943,-1.1061470896301404,-0.24216009777289674,360.0,1.0,1,False,True,False
1,1,0,1,0,-1.425671064424124,0.9150144605517185,-0.24216009777289674,360.0,1.0,1,False,False,True
0,0,0,1,0,-1.365894621795596,-1.1061470896301404,-1.3364922870117082,360.0,1.0,1,True,False,False
1,1,1,0,0,1.2650894519270022,-1.1061470896301404,0.322568227327182,300.0,0.0,0,False,True,False
1,1,3,0,0,1.909811056825678,-1.1061470896301404,2.13383464466436,360.0,0.0,0,True,False,False
0,0,1,1,1,-0.012535569470012683,-1.1061470896301404,-1.4572674391857872,360.0,1.0,0,False,True,False
1,1,0,0,0,0.85525644925839,-1.1061470896301404,0.42752243445922217,360.0,0.0,1,False,False,True
1,1,0,1,0,0.8143070435297879,-1.1061470896301404,1.0678629855270045,360.0,0.0,0,True,False,False
1,1,0,1,0,-1.3154762393461679,0.8600239585854278,-0.33121660493748994,360.0,1.0,1,True,False,False
0,1,0,1,0,-1.4496062284418914,1.0157178980428334,0.6467777922610559,360.0,0.0,0,False,True,False
0,0,0,0,0,-0.5793292571977192,-1.1061470896301404,-1.5204153480671874,360.0,1.0,1,False,False,True
0,0,1,0,0,-0.9302071567134836,-1.1061470896301404,0.42752243445922217,360.0,1.0,0,False,False,True
1,1,2,0,1,-1.8204694548562965,1.1655532173641163,1.2607304075349992,360.0,1.0,0,False,False,True
1,1,0,0,0,-1.8204694548562965,0.9633864275591465,-0.29514837901166135,360.0,1.0,1,True,False,False
1,1,0,0,0,-0.39188243909241577,0.7425232403554372,0.12579589821419798,360.0,1.0,1,False,True,False
1,1,0,0,0,0.7420830615203364,-1.1061470896301404,0.12579589821419798,360.0,1.0,1,True,False,False
0,0,0,1,0,-0.8151966784828745,-1.1061470896301404,-0.961801293404527,360.0,0.0,0,False,False,True
1,1,0,0,0,-1.8204694548562965,0.8050556807774755,-0.5213057684386682,360.0,1.0,1,False,False,True
1,1,1,0,0,1.077206396513273,0.79505885385807,-0.33121660493748994,360.0,0.0,0,False,False,True
1,1,0,0,0,1.909811056825678,-1.1061470896301404,-0.6023651852988756,360.0,1.0,1,False,True,False
1,1,0,0,0,-0.8659470203856463,1.113198174880897,-0.13995428758025216,360.0,1.0,1,True,False,False
0,0,1,1,0,0.3306275845247803,-1.1061470896301404,-0.9374451062204578,360.0,1.0,0,True,False,False
1,1,2,0,0,0.7713653848480447,-1.1061470896301404,0.05096622243405754,360.0,1.0,1,False,True,False
1,1,0,0,0,-0.6401926781614954,-0.48744974048991563,-0.7969592797913452,360.0,1.0,1,True,False,False
1,0,0,1,0,-0.8179746172926002,-1.1061470896301404,-1.5204153480671874,180.0,1.0,1,False,False,True
0,0,1,0,1,1.3157171931696736,-1.1061470896301404,0.2955228035108451,360.0,1.0,1,False,True,False
1,0,0,0,0,0.9146404927462284,-1.1061470896301404,-0.4241434783944496,360.0,0.0,0,True,False,False
1,0,0,0,0,1.7845843616994521,-1.1061470896301404,2.3891797962940977,360.0,1.0,1,False,True,False
1,1,0,0,0,-1.113703821532868,0.9065853855066524,0.1981310837214856,360.0,1.0,1,False,True,False
1,0,0,0,0,-0.07641725187493834,-1.1061470896301404,-0.5213057684386682,360.0,1.0,1,False,False,True
0,1,0,0,0,1.5070428794627202,-1.1061470896301404,-0.026542762163008344,240.0,1.0,1,False,True,False
1,0,0,0,0,-1.774727368195745,0.8292188260422247,-1.869109760916912,360.0,1.0,1,False,True,False
1,1,0,0,0,-1.365894621795596,0.6688995695450886,-0.026542762163008344,360.0,1.0,1,False,False,True
1,0,0,0,1,1.549859764332786,-1.1061470896301404,0.7487322455468848,360.0,0.0,0,False,False,True
0,1,0,1,1,1.055455317958207,-1.1061470896301404,0.12579589821419798,360.0,1.0,1,True,False,False
1,0,0,0,0,-0.12772231122030675,1.1655532173641163,0.7487322455468848,360.0,1.0,1,False,True,False
1,1,0,0,0,1.1983161683205117,0.8260203107279539,0.6698444690323032,360.0,1.0,1,True,False,False
1,0,3,1,0,0.37086686932571583,0.8534806531199305,0.26813792519292023,360.0,1.0,1,False,True,False
1,0,1,0,0,1.909811056825678,-1.1061470896301404,0.322568227327182,360.0,1.0,1,False,True,False
1,1,0,0,0,1.093580393173851,1.1655532173641163,0.6117191033750093,300.0,0.0,1,True,False,False
1,1,1,0,1,-0.24534519855081835,0.6920139483278556,0.004795037662745395,360.0,1.0,1,True,False,False
1,1,2,1,0,0.3491241546903808,-1.1061470896301404,-0.33121660493748994,360.0,1.0,1,True,False,False
1,1,0,0,0,-0.19990029858236494,0.733091439601813,-1.6873387015194226,360.0,1.0,0,True,False,False
1,1,2,0,0,-0.32742128972649953,0.8033458162618553,0.2955228035108451,360.0,0.0,0,True,False,False
1,0,1,1,1,-0.7704931407056914,0.7697847671612181,0.7816986773962094,360.0,0.0,0,False,True,False
1,1,2,1,0,-1.2472012338664973,0.7036448559043972,-0.07441909125103018,360.0,0.0,0,True,False,False
1,1,2,1,0,-1.7245265584528238,0.7512617555314405,-1.5204153480671874,300.0,0.0,1,False,False,True
1,1,0,0,0,0.029943144804772816,0.8076989509528701,0.2818733463641291,360.0,0.0,0,True,False,False
1,1,0,0,0,-1.0506457902389807,0.92406242503972,-0.7300830190514969,180.0,0.0,1,True,False,False
1,0,0,0,1,1.043766555723267,-1.1061470896301404,-0.8660285703749202,360.0,1.0,1,False,True,False
1,1,2,0,0,-0.01680668328693624,-1.1061470896301404,-0.6023651852988756,360.0,1.0,1,False,True,False
1,1,0,0,0,0.20022847924278048,-1.1061470896301404,-0.1904494469967235,360.0,1.0,1,False,False,True
1,1,0,0,0,-0.10011671429173931,0.9377412220593662,0.5880329359058047,360.0,1.0,0,False,False,True
1,0,2,0,0,0.22391243906560068,-1.1061470896301404,0.09617326933177807,360.0,1.0,1,True,False,False
1,1,0,0,0,1.2705467914439679,-1.1061470896301404,0.42752243445922217,360.0,1.0,0,False,True,False
1,1,0,0,1,-1.540127584386314,1.0952828987620613,0.42752243445922217,360.0,0.0,1,False,True,False
1,1,3,0,0,1.169854996486509,-1.1061470896301404,-0.026542762163008344,180.0,1.0,1,False,False,True
1,1,0,0,0,-0.5635008663692898,0.884294419231522,0.335966341773384,360.0,1.0,1,True,False,False
0,0,1,1,0,0.5464051603879301,-1.1061470896301404,0.03568504416012363,360.0,1.0,1,False,True,False
1,0,0,0,0,0.13777987792923466,-1.1061470896301404,-0.5614485781472234,360.0,0.0,0,False,True,False
1,0,0,0,0,0.7889193653108696,-1.1061470896301404,0.15501961709975873,360.0,1.0,1,True,False,False
1,1,3,1,0,-0.6180023327497316,0.7944732814911135,-1.2223796708769639,180.0,0.0,0,False,False,True
1,1,0,0,0,1.909811056825678,-1.1061470896301404,-0.33121660493748994,360.0,1.0,1,False,True,False
0,1,2,1,0,-1.8204694548562965,0.980450070264421,-0.5614485781472234,360.0,1.0,1,False,True,False
1,1,0,0,0,0.21458254609874888,0.9220260728585238,-0.33121660493748994,360.0,1.0,0,False,False,True
1,1,1,0,1,-0.2555066376598523,0.8674019694332319,0.45299319566424323,360.0,1.0,1,False,True,False
1,1,1,1,0,-0.8784059576291522,0.7608623833850323,-0.2773396259029414,180.0,0.0,0,True,False,False
1,1,3,0,0,0.36458293761403965,-1.1061470896301404,-0.5213057684386682,360.0,1.0,1,False,True,False
0,0,0,0,1,-1.032598923109933,-1.1061470896301404,-0.6652604366722152,360.0,0.0,1,False,False,True
1,0,2,0,0,0.6553954877894582,1.1402398342065527,0.45299319566424323,360.0,1.0,1,True,False,False
1,1,2,0,1,1.909811056825678,0.6361312504397141,0.2955228035108451,360.0,1.0,1,True,False,False
1,1,2,0,0,0.9607703642976939,0.810882000013443,1.1800954422418575,300.0,1.0,1,False,True,False
1,1,2,0,0,-0.6795976073585974,0.8329139756346633,0.03568504416012363,360.0,0.0,0,False,True,False
1,1,1,0,1,1.909811056825678,0.8935560159667378,-0.8197314164954704,360.0,1.0,1,False,True,False
1,1,2,0,0,-0.6180023327497316,0.7823480542617121,-0.026542762163008344,360.0,1.0,0,False,False,True
0,0,0,1,0,0.22214076000293692,-1.1061470896301404,0.34928278883676,360.0,1.0,1,True,False,False
1,1,3,1,0,-0.5017971095039319,-1.1061470896301404,-0.2773396259029414,360.0,1.0,1,True,False,False
1,1,0,0,0,-1.540127584386314,1.0064630895046287,-0.026542762163008344,360.0,1.0,1,False,True,False
1,1,0,0,0,1.5954727076631912,-1.1061470896301404,1.2162911215683232,360.0,1.0,1,False,True,False
1,1,2,0,0,1.2703867796941393,-1.1061470896301404,1.3215060488986774,360.0,1.0,1,False,True,False
1,1,1,1,0,-1.7245265584528238,0.919978065938981,0.02029518638707106,360.0,1.0,1,True,False,False
1,0,2,0,0,-0.19500931866227306,-1.1061470896301404,-0.961801293404527,360.0,0.0,0,True,False,False
1,1,1,0,0,1.909811056825678,-1.1061470896301404,2.8508798454440285,360.0,1.0,0,False,False,True
1,1,2,0,1,0.32127034766607154,0.8680363222224671,0.42752243445922217,360.0,1.0,1,False,True,False
1,0,0,0,0,-1.1026639933346007,-1.1061470896301404,-1.0880247577811024,360.0,1.0,0,False,False,True
1,0,0,1,0,-0.8347437670970543,0.964839589097692,-0.6023651852988756,360.0,0.0,1,False,True,False
1,1,1,1,0,0.5931173642234676,0.6705836985721071,0.7376334256533816,360.0,0.0,1,False,False,True
1,0,0,1,0,-0.10982933254452552,-1.1061470896301404,-0.33121660493748994,360.0,1.0,1,True,False,False
0,0,0,1,1,1.909811056825678,-1.1061470896301404,1.1340135521814687,360.0,1.0,1,False,True,False
1,1,0,0,0,-0.16482778067364498,0.879571467437078,-0.1734856081150955,360.0,0.0,0,True,False,False
0,1,1,0,0,-0.33684067007163304,0.6032683864061229,-0.4241434783944496,84.0,1.0,1,False,True,False
1,1,0,1,0,-0.9302071567134836,0.8014360980768913,-0.38648604280828586,360.0,1.0,1,True,False,False
1,1,0,0,0,0.3383024172574652,0.9734378483620504,-0.31310650018143243,12.0,0.0,1,False,False,True
1,1,1,0,1,-0.6610279404652182,-1.1061470896301404,-0.623123434518166,360.0,1.0,1,False,True,False
1,0,0,0,0,0.862005097424119,1.1224319342131865,0.9798294602192729,360.0,0.0,0,True,False,False
0,0,0,0,0,-1.8204694548562965,1.0597975290843973,-0.2773396259029414,480.0,1.0,1,True,False,False
0,0,0,0,0,-0.45420585822651516,-1.1061470896301404,-0.5213057684386682,360.0,1.0,1,False,True,False
1,1,2,0,0,0.4311728861359356,1.1655532173641163,0.969830023132392,360.0,1.0,1,False,True,False
1,1,1,1,0,0.08153109253088237,1.1655532173641163,0.12579589821419798,360.0,0.0,0,True,False,False
1,1,0,1,0,-0.041092828552047315,0.7571845685991732,-0.09061695201350645,300.0,1.0,1,False,True,False
1,1,2,0,0,-0.2177763558901637,1.1224319342131865,1.2956600365778563,360.0,1.0,1,True,False,False
1,1,0,0,0,1.909811056825678,1.1655532173641163,2.760945697550411,360.0,0.0,1,False,False,True
1,0,0,0,0,-0.17321204576676222,-1.1061470896301404,-0.6023651852988756,360.0,1.0,0,False,False,True
1,1,0,0,1,-1.0549202789159096,0.9913946324445866,0.7597756831062821,360.0,1.0,1,False,False,True
0,0,1,0,0,1.8151015535545456,-1.1061470896301404,-2.290329659821882,360.0,1.0,1,False,False,True
1,0,0,1,0,-0.16423086166631873,0.7116815230350159,-0.5213057684386682,360.0,1.0,0,True,False,False
1,1,1,0,0,0.8061778160999418,0.8552921829858566,1.3555125175467952,360.0,1.0,1,False,True,False
1,1,2,0,0,-0.36616437450936296,0.8603479635723552,0.26813792519292023,360.0,1.0,1,False,False,True
1,1,0,0,0,-1.475214381056723,1.1655532173641163,-1.2223796708769639,180.0,1.0,0,False,True,False
1,0,0,0,0,0.7381531477249254,1.0582110024225213,1.8193345445581093,360.0,1.0,0,True,False,False
1,1,3,0,0,-0.24534519855081835,1.035248162889772,0.2955228035108451,360.0,1.0,1,True,False,False
0,1,2,0,0,-1.6146752003092701,0.7881651823362202,-0.2773396259029414,480.0,1.0,1,False,True,False
1,1,0,1,0,-0.517750517568312,0.8200795451918496,-0.10693747219754575,360.0,0.0,0,False,True,False
1,0,0,0,0,0.3614283600263114,0.8403611573162543,0.7264786456808213,360.0,1.0,0,False,True,False
0,0,0,1,0,-0.2877429792660125,-1.1061470896301404,-0.623123434518166,360.0,1.0,0,True,False,False
1,1,2,1,0,-1.3929399444776023,0.8093877026903838,-2.0687511361694972,360.0,1.0,1,False,True,False
1,0,0,0,0,-1.032598923109933,-1.1061470896301404,-1.6873387015194226,360.0,1.0,1,False,True,False
1,1,3,0,1,0.6986056403700616,0.7441080702900698,-0.5213057684386682,360.0,1.0,1,True,False,False
1,1,2,0,1,1.2064539263930076,1.1655532173641163,2.760945697550411,360.0,1.0,1,True,False,False
1,0,0,0,0,0.3602432150912987,0.8686695401582721,-0.026542762163008344,360.0,1.0,0,False,True,False
1,1,2,0,1,1.909811056825678,-1.1061470896301404,2.362156989750667,360.0,1.0,1,True,False,False
1,1,0,0,0,-0.06250697054622532,-1.1061470896301404,-0.33121660493748994,360.0,1.0,1,False,True,False
1,1,1,1,0,0.5775475382009936,0.7454607259867255,0.4402948130203777,360.0,0.0,1,False,True,False
1,0,1,1,0,-0.8535829334548881,0.7153847825239119,-0.6440871013776944,360.0,1.0,1,False,True,False
1,0,0,1,0,0.9792859025157201,-1.1061470896301404,0.004795037662745395,360.0,1.0,1,False,True,False
1,1,0,0,0,-1.8204694548562965,1.1655532173641163,1.0485977577587617,360.0,0.0,1,True,False,False
1,1,3,0,0,0.19117189944844695,-1.1061470896301404,-0.5213057684386682,360.0,1.0,1,False,False,True
1,0,2,0,0,-0.17021178016322655,-1.1061470896301404,-0.33121660493748994,360.0,0.0,0,True,False,False
1,0,1,0,0,1.6384141406018775,-1.1061470896301404,0.8461958635570175,360.0,0.0,0,False,True,False
0,0,0,1,1,1.909811056825678,-1.1061470896301404,-0.07441909125103018,360.0,1.0,1,False,False,True
1,0,0,1,0,-0.9806163922809776,0.8614796475436326,-0.05834199775277066,360.0,1.0,1,True,False,False
1,1,0,0,0,0.8239252658117545,1.0799997422841556,1.9070599463414624,360.0,1.0,1,False,False,True
1,0,2,0,0,-0.1529385805466067,-1.1061470896301404,-0.38648604280828586,360.0,1.0,1,False,True,False
1,1,0,1,0,-0.6426781263390717,0.44003476514191175,-1.3364922870117082,360.0,1.0,0,True,False,False
1,1,3,0,0,0.8948376927152918,-1.1061470896301404,0.3887522624631946,180.0,1.0,1,True,False,False
0,1,1,0,0,0.3314377966171393,0.9720189402619493,0.15501961709975873,180.0,1.0,1,False,True,False
0,0,0,0,0,-1.4643885343374072,-1.1061470896301404,-0.5412823447629712,360.0,0.0,0,False,True,False
0,0,1,0,0,-0.13237845905450712,-1.1061470896301404,-0.623123434518166,360.0,1.0,1,False,True,False
1,1,1,1,0,-1.332962035545905,0.931829143586215,-0.026542762163008344,360.0,1.0,1,False,False,True
0,1,0,1,0,-0.5619270769820588,0.5044927532289223,-0.48190707780797637,360.0,0.0,1,False,True,False
1,1,0,0,0,-0.7713930453600917,0.8463085917105155,0.36251859180270785,360.0,1.0,1,True,False,False
1,0,0,1,0,-0.3154011901659662,-1.1061470896301404,-0.961801293404527,36.0,1.0,0,False,True,False
1,0,0,0,0,-1.0053667425136528,0.8169794059393188,0.2264044863777377,360.0,1.0,1,True,False,False
0,0,0,0,0,0.48031917266945345,-1.1061470896301404,-0.462477969123452,360.0,0.0,0,False,True,False
1,1,0,0,0,-0.7561635968152624,0.8572578533743845,-0.33121660493748994,360.0,1.0,1,True,False,False
1,1,2,0,1,0.9455598482017026,-1.1061470896301404,-0.026542762163008344,360.0,0.0,0,True,False,False
1,1,1,1,0,-1.0410675311224695,0.9115264968075926,-0.026542762163008344,360.0,1.0,1,True,False,False
1,1,1,0,0,-0.3321232289451367,1.0170808343322622,0.4017520820505373,360.0,1.0,1,False,False,True
1,1,0,1,0,-1.0818828351119283,0.9055888991306207,0.681288044255045,360.0,0.0,0,False,False,True
1,1,0,0,0,-0.16721805991575686,1.1104476848820612,0.03568504416012363,180.0,0.0,0,True,False,False
1,1,1,0,0,0.6357542146313986,0.6416654538690861,-3.086537999540954,360.0,1.0,1,False,True,False
0,0,0,0,0,-0.8649925844363504,0.7867699243448324,-0.8660285703749202,360.0,0.0,1,False,False,True
1,1,3,0,1,1.5179463384508725,-1.1061470896301404,1.4383515984907316,360.0,1.0,1,False,True,False
1,1,0,0,0,-0.001918111982319901,0.9505408013329361,0.45299319566424323,360.0,1.0,1,False,True,False
0,1,0,0,0,0.14440266406469426,0.9017190097532944,0.69267262879298,360.0,1.0,1,False,True,False
1,1,2,1,0,-0.11903488127381162,0.207226318224503,-0.3679035803394927,360.0,1.0,1,False,True,False
0,1,1,0,1,1.909811056825678,-1.1061470896301404,3.2554545810043822,360.0,1.0,1,False,True,False
1,1,0,0,0,0.7680916720242955,0.8634112879508055,0.9996947773092183,360.0,1.0,1,True,False,False
1,0,0,1,1,0.7339260373890234,-1.1061470896301404,0.03568504416012363,360.0,1.0,1,False,True,False
1,1,2,0,0,1.3418403723334227,-1.1061470896301404,1.4220250793453284,360.0,0.0,0,False,False,True
1,1,0,1,0,0.27293127855131116,-1.1061470896301404,-0.1566545996781148,360.0,0.0,1,True,False,False
1,0,0,0,0,-0.3321232289451367,-1.1061470896301404,-1.2223796708769639,360.0,1.0,1,False,False,True
1,1,3,0,0,-0.2877429792660125,0.9286357233796917,-0.10693747219754575,360.0,0.0,0,True,False,False
0,0,0,0,0,-1.1665625564358653,-1.1061470896301404,-4.95546596094626,360.0,1.0,0,False,False,True
1,1,0,0,0,-0.4490922021947358,0.8650129668304294,-0.4432245208163908,360.0,0.0,0,False,False,True
1,1,1,0,0,-0.2766997050656261,0.810882000013443,0.7376334256533816,360.0,1.0,1,False,False,True
1,1,0,0,0,0.5209165147404984,0.7501537137399684,0.490653104398665,360.0,0.0,0,False,False,True
1,1,2,0,0,1.909811056825678,-1.1061470896301404,1.5571846485815792,360.0,1.0,1,False,False,True
1,1,2,1,0,0.8218533677912113,0.7867699243448324,0.7487322455468848,480.0,1.0,0,False,True,False
1,1,3,0,0,0.8921830832848453,-1.1061470896301404,0.2955228035108451,360.0,1.0,0,False,True,False
1,1,2,0,0,-0.45420585822651516,0.39490986710797704,-0.3679035803394927,84.0,1.0,1,False,False,True
1,1,0,0,0,-0.5078545405494241,0.8876084858886989,0.09617326933177807,360.0,0.0,0,False,True,False
1,0,0,0,0,-0.4038534529383268,0.95923706053956,-0.33121660493748994,360.0,1.0,1,False,False,True
1,1,1,0,0,-1.8204694548562965,0.890891931041148,-0.38648604280828586,360.0,1.0,1,True,False,False
1,0,0,0,0,-0.4374701077266994,0.980450070264421,0.4402948130203777,360.0,1.0,1,False,False,True
1,1,2,0,0,0.9240431075951545,-1.1061470896301404,0.9395595820484873,360.0,1.0,1,False,True,False
1,0,0,0,0,-1.8204694548562965,1.1655532173641163,-0.7300830190514969,360.0,1.0,0,False,False,True
0,1,0,0,0,-0.4490922021947358,-1.1061470896301404,-2.4871158628705525,360.0,1.0,1,False,True,False
1,1,1,0,0,-1.8204694548562965,-1.1061470896301404,-1.488599286252014,360.0,0.0,0,True,False,False
1,1,1,0,0,-0.7543814737434404,0.8407037304234645,0.2404046571520444,360.0,0.0,0,True,False,False
1,1,1,0,0,0.1920805391819414,0.9899317569650337,0.5760936324809186,84.0,1.0,0,True,False,False
1,1,0,0,0,-1.2616117607084902,0.7655646485015655,-0.4432245208163908,360.0,1.0,1,False,False,True
0,0,0,1,0,-1.4283151186287628,-1.1061470896301404,-1.2223796708769639,360.0,1.0,1,False,True,False
1,0,0,0,0,0.38759030423256335,-1.1061470896301404,-0.6440871013776944,360.0,1.0,1,False,True,False
1,1,2,0,1,-0.8096551802965007,-1.1061470896301404,-0.4052316779493256,360.0,0.0,0,False,True,False
1,1,0,0,0,-0.5753566590954953,1.0340513813098795,-1.6528487836494554,180.0,1.0,1,False,True,False
1,1,2,0,1,0.7889193653108696,-1.1061470896301404,0.9395595820484873,240.0,1.0,0,False,True,False
1,0,3,0,1,1.4199706007789643,-1.1061470896301404,1.6847430517286988,360.0,1.0,1,False,True,False
1,1,0,0,0,-0.01680668328693624,1.022275944120036,0.18385538291847323,180.0,1.0,1,True,False,False
1,1,0,0,1,1.909811056825678,-1.1061470896301404,1.4383515984907316,360.0,1.0,1,False,False,True
1,0,0,1,0,-0.030784180612148576,-1.1061470896301404,-0.33121660493748994,360.0,1.0,1,True,False,False
1,1,2,1,1,0.8866093831261294,0.6317632028679541,0.7487322455468848,360.0,1.0,0,True,False,False
1,0,0,0,0,-0.5857070803574926,-1.1061470896301404,-0.7744306910994281,360.0,0.0,0,False,True,False
1,1,0,0,1,1.496949996078931,-1.1061470896301404,0.6698444690323032,360.0,1.0,1,True,False,False
1,1,2,0,0,0.7282631648365031,-1.1061470896301404,0.8034068538403795,360.0,1.0,1,False,False,True
0,0,3,0,0,-1.8204694548562965,1.1655532173641163,2.073049378997655,180.0,0.0,0,False,False,True
1,1,0,1,0,-0.6618672142635718,0.965684572405712,0.36251859180270785,360.0,1.0,1,True,False,False
1,1,3,0,0,0.706171161391681,-1.1061470896301404,-0.026542762163008344,360.0,1.0,1,False,False,True
1,0,0,0,0,-0.11845769528941708,1.1132787641900737,0.5760936324809186,360.0,1.0,1,True,False,False
0,1,1,0,0,1.7096912997586713,-1.1061470896301404,2.8331655899692887,360.0,1.0,1,False,True,False
1,1,0,1,0,-1.1416182240182098,1.0705348653873956,-0.026542762163008344,180.0,1.0,0,False,False,True
1,1,1,0,0,-0.2877429792660125,0.9286357233796917,0.5880329359058047,360.0,1.0,1,False,True,False
1,1,2,1,0,0.049912080543823706,0.7411589948305726,0.3887522624631946,360.0,1.0,1,True,False,False
1,1,0,0,0,-0.40173375216571483,0.8463085917105155,-0.3679035803394927,360.0,1.0,1,True,False,False
0,0,0,0,0,-0.6568383767491213,-1.1061470896301404,-1.1948057281815234,360.0,1.0,1,True,False,False
1,1,3,0,0,0.10899660162950274,-1.1061470896301404,-2.290329659821882,180.0,1.0,1,True,False,False
1,1,1,0,0,1.2275664054588356,0.20486446921930968,1.3806849696472598,360.0,1.0,1,False,False,True
1,1,2,0,0,1.141192963576361,-1.1061470896301404,0.7487322455468848,360.0,1.0,1,False,False,True
0,0,0,0,1,0.32127034766607154,-1.1061470896301404,0.05096622243405754,360.0,0.0,0,False,True,False
